receptor;TM;start;end;x
DOR;TM1;6;45;34
DOR;TM2;49;80;62
DOR;TM3;84;120;113
DOR;TM4;128;156;140
DOR;TM5;172;211;192
DOR;TM6;216;255;243
DOR;TM7;260;289;282
DOR;H8;289;303;292
KOR;TM1;6;37;26
KOR;TM2;41;72;54
KOR;TM3;76;112;105
KOR;TM4;120;147;132
KOR;TM5;167;206;187
KOR;TM6;211;250;238
KOR;TM7;254;283;276
KOR;H8;283;296;286
MOR;TM1;6;38;27
MOR;TM2;42;73;55
MOR;TM3;77;113;106
MOR;TM4;121;148;133
MOR;TM5;165;204;185
MOR;TM6;209;248;236
MOR;TM7;252;281;274
MOR;H8;281;294;284
NOP;TM1;6;38;27
NOP;TM2;42;73;55
NOP;TM3;77;113;106
NOP;TM4;121;148;133
NOP;TM5;165;204;185
NOP;TM6;209;248;236
NOP;TM7;252;281;274
NOP;H8;281;294;284
